id,created_at,amount,currency,merchant_id,merchant_vertical,country,region,payment_method_type,card_brand,wallet_type,status,failure_code,failure_category,auth_outcome,risk_level,is_disputed,is_refunded,latency_ms,channel,experiment_bucket
pmt_311204bf16,2026-02-24T11:12:25Z,24274,usd,m_001,saas,GB,EU,card,amex,,pending,,,not_attempted,highest,0,0,833,web,control
pmt_59f60bd8c1,2026-01-10T16:44:17Z,44766,usd,m_001,marketplace,AU,APAC,rtp,,,pending,,,not_attempted,normal,0,0,2053,api,routing_v2
pmt_1bf0f75903,2026-03-09T00:26:42Z,22770,usd,m_004,marketplace,AU,APAC,wallet,,apple_pay,refunded,,,not_attempted,highest,0,1,2255,mobile,auth_opt_v1
pmt_deccddf601,2026-03-05T05:15:16Z,24911,usd,m_004,marketplace,US,NA,card,discover,,refunded,,,not_attempted,normal,0,1,575,api,control
pmt_622afcabc2,2026-03-11T07:36:50Z,47905,usd,m_003,marketplace,BR,LATAM,card,amex,,refunded,,,not_attempted,normal,0,1,2304,api,control
pmt_05fdf0a769,2026-03-15T22:29:37Z,33375,usd,m_005,ecommerce,US,NA,ach,,,succeeded,,,authorized,normal,0,0,711,api,routing_v2
pmt_c791dc7bc0,2026-01-17T02:59:58Z,9329,usd,m_001,fintech,CA,NA,card,amex,,succeeded,,,authorized,normal,0,0,596,api,control
pmt_f0c35db531,2026-02-19T16:22:48Z,21488,usd,m_001,saas,US,NA,wallet,,apple_pay,succeeded,,,authorized,normal,0,0,702,api,control
pmt_5324f2d217,2026-02-14T06:04:29Z,19339,usd,m_004,gaming,GB,EU,wallet,,google_pay,succeeded,,,authorized,normal,0,0,502,mobile,routing_v2
pmt_6a02245d7e,2026-02-08T14:59:58Z,6000,usd,m_005,ecommerce,IN,APAC,card,discover,,succeeded,,,authorized,highest,0,0,1848,mobile,auth_opt_v1
pmt_53a808b390,2026-02-18T10:27:25Z,23269,usd,m_004,marketplace,DE,EU,ach,,,pending,,,not_attempted,normal,0,0,2208,api,control
pmt_3e56fbc686,2026-02-12T13:30:39Z,36875,usd,m_002,fintech,IN,APAC,rtp,,,refunded,,,not_attempted,highest,0,1,1673,api,control
pmt_60564c18b3,2026-02-19T05:07:36Z,7860,usd,m_002,gaming,CA,NA,rtp,,,refunded,,,not_attempted,normal,0,1,2259,mobile,control
pmt_8dccedff71,2026-01-23T23:31:08Z,47714,usd,m_004,saas,US,NA,rtp,,,succeeded,,,authorized,highest,0,0,858,web,control
pmt_fb94b61730,2026-03-08T04:48:07Z,21076,usd,m_001,ecommerce,BR,LATAM,rtp,,,succeeded,,,authorized,normal,0,0,1498,mobile,auth_opt_v1
pmt_7f606d2cec,2026-02-19T08:00:52Z,27635,usd,m_004,marketplace,US,NA,ach,,,succeeded,,,authorized,normal,0,0,2878,mobile,auth_opt_v1
pmt_caa20ad405,2026-01-14T09:42:30Z,26109,usd,m_002,gaming,GB,EU,card,discover,,refunded,,,not_attempted,normal,0,1,2793,mobile,control
pmt_0a8f6684c9,2026-01-19T06:11:23Z,857,usd,m_002,saas,AU,APAC,card,visa,,succeeded,,,authorized,normal,0,0,2569,api,routing_v2
pmt_9273bf1670,2026-01-06T05:28:06Z,11022,usd,m_004,fintech,GB,EU,card,visa,,failed,do_not_honor,bank_decline,declined,normal,0,0,1133,web,auth_opt_v1
pmt_ff2359a622,2026-01-24T10:05:46Z,20789,usd,m_005,ecommerce,CA,NA,card,amex,,succeeded,,,authorized,normal,0,0,2895,api,auth_opt_v1
pmt_e0f9dc4b2a,2026-02-17T18:18:51Z,8019,usd,m_003,saas,DE,EU,card,amex,,succeeded,,,authorized,normal,0,0,309,api,auth_opt_v1
pmt_d5c027706e,2026-01-04T08:12:56Z,3728,usd,m_004,fintech,US,NA,card,mastercard,,refunded,,,not_attempted,normal,0,1,2934,web,auth_opt_v1
pmt_8a90553ab2,2026-02-18T01:10:18Z,2223,usd,m_003,gaming,DE,EU,card,discover,,succeeded,,,authorized,normal,0,0,2302,api,control
pmt_4c6938fc81,2026-03-12T16:53:36Z,37843,usd,m_001,fintech,DE,EU,card,discover,,pending,,,not_attempted,normal,0,0,1241,mobile,routing_v2
pmt_446af4348f,2026-02-26T10:54:00Z,19585,usd,m_002,ecommerce,AU,APAC,ach,,,succeeded,,,authorized,highest,0,0,923,api,routing_v2
pmt_49d5608319,2026-02-14T20:42:17Z,26684,usd,m_001,fintech,BR,LATAM,ach,,,succeeded,,,authorized,elevated,0,0,2246,api,control
pmt_390561a877,2026-01-22T21:29:48Z,30346,usd,m_001,fintech,SG,APAC,card,discover,,succeeded,,,authorized,normal,0,0,1014,mobile,routing_v2
pmt_b48564961a,2026-03-11T23:04:11Z,40098,usd,m_003,saas,IN,APAC,wallet,,google_pay,succeeded,,,authorized,normal,0,0,578,api,auth_opt_v1
pmt_1c4caa97a1,2026-03-08T08:47:19Z,45977,usd,m_003,gaming,US,NA,card,amex,,pending,,,not_attempted,normal,0,0,2209,web,auth_opt_v1
pmt_9f56648544,2026-01-28T11:10:14Z,15089,usd,m_001,fintech,IN,APAC,card,mastercard,,succeeded,,,authorized,elevated,0,0,1691,mobile,control
pmt_23ec890087,2026-02-24T07:09:41Z,39267,usd,m_004,ecommerce,CA,NA,card,visa,,succeeded,,,authorized,normal,0,0,1180,web,control
pmt_95a381cdff,2026-02-24T17:22:56Z,33632,usd,m_002,marketplace,GB,EU,card,discover,,refunded,,,not_attempted,normal,0,1,396,api,auth_opt_v1
pmt_c8ee4b5946,2026-03-08T02:13:37Z,18632,usd,m_002,saas,US,NA,wallet,,apple_pay,failed,expired_card,customer,declined,highest,0,0,1407,api,control
pmt_71450104f1,2026-01-15T13:12:31Z,4368,usd,m_004,marketplace,CA,NA,rtp,,,refunded,,,not_attempted,elevated,0,1,596,web,auth_opt_v1
pmt_fcb5fe7410,2026-01-29T19:24:17Z,43608,usd,m_002,marketplace,IN,APAC,wallet,,google_pay,pending,,,not_attempted,elevated,0,0,2027,mobile,auth_opt_v1
pmt_5dcd3b80b2,2026-03-09T11:21:49Z,6525,usd,m_003,ecommerce,BR,LATAM,wallet,,apple_pay,succeeded,,,authorized,elevated,0,0,1400,web,auth_opt_v1
pmt_4a3e37d93f,2026-03-12T09:20:07Z,39984,usd,m_001,gaming,CA,NA,card,visa,,succeeded,,,authorized,normal,0,0,1711,mobile,control
pmt_d0bc52abfb,2026-02-19T05:17:46Z,23154,usd,m_005,marketplace,IN,APAC,rtp,,,succeeded,,,authorized,normal,0,0,2320,api,control
pmt_3de5a891a9,2026-02-25T07:29:15Z,22856,usd,m_002,marketplace,SG,APAC,ach,,,succeeded,,,authorized,normal,0,0,1983,api,control
pmt_4c9c0c57c8,2026-02-18T05:58:24Z,20447,usd,m_002,marketplace,US,NA,card,amex,,succeeded,,,authorized,elevated,0,0,545,api,auth_opt_v1
pmt_b52ebf7de4,2026-03-05T00:04:46Z,47572,usd,m_005,fintech,SG,APAC,card,mastercard,,succeeded,,,authorized,highest,0,0,395,api,control
pmt_bbfd968dd7,2026-01-08T13:06:01Z,9989,usd,m_005,fintech,DE,EU,ach,,,succeeded,,,authorized,normal,0,0,1567,web,control
pmt_9758e5fee3,2026-01-31T16:06:21Z,38742,usd,m_005,saas,CA,NA,rtp,,,succeeded,,,authorized,elevated,0,0,2363,mobile,control
pmt_768cc0b449,2026-01-05T14:59:12Z,38781,usd,m_002,saas,BR,LATAM,card,mastercard,,succeeded,,,authorized,highest,0,0,2379,mobile,control
pmt_61c330c5a0,2026-01-08T04:26:41Z,24572,usd,m_004,fintech,IN,APAC,card,mastercard,,succeeded,,,authorized,normal,0,0,1007,mobile,auth_opt_v1
pmt_605b8c492a,2026-03-03T15:20:10Z,31317,usd,m_001,fintech,DE,EU,rtp,,,failed,expired_card,customer,declined,highest,0,0,762,api,control
pmt_e65879dbb0,2026-03-06T07:20:52Z,42728,usd,m_003,ecommerce,AU,APAC,card,amex,,failed,network_error,technical,declined,normal,0,0,212,web,routing_v2
pmt_0293a6aae9,2026-02-16T10:27:36Z,24155,usd,m_004,ecommerce,GB,EU,card,amex,,succeeded,,,authorized,highest,0,0,2107,mobile,control
pmt_59a96c80bd,2026-03-16T22:28:34Z,43111,usd,m_004,ecommerce,IN,APAC,card,visa,,succeeded,,,authorized,elevated,0,0,363,mobile,control
pmt_e28e5440fb,2026-02-24T20:15:18Z,48493,usd,m_003,fintech,DE,EU,rtp,,,pending,,,not_attempted,highest,0,0,1449,mobile,control
pmt_b270b6d01a,2026-03-05T18:30:47Z,29733,usd,m_004,marketplace,AU,APAC,rtp,,,refunded,,,not_attempted,highest,0,1,2542,web,control
pmt_54ec1998e0,2026-01-20T12:36:29Z,15390,usd,m_003,marketplace,CA,NA,card,amex,,succeeded,,,authorized,normal,0,0,2228,mobile,control
pmt_48edd4194d,2026-02-12T16:48:14Z,38619,usd,m_001,fintech,US,NA,ach,,,succeeded,,,authorized,elevated,0,0,1493,web,auth_opt_v1
pmt_0af7c3d13e,2026-01-25T18:01:09Z,23322,usd,m_003,marketplace,AU,APAC,card,visa,,succeeded,,,authorized,normal,0,0,2779,api,control
pmt_9519ba0276,2026-03-16T20:17:32Z,1277,usd,m_001,marketplace,SG,APAC,wallet,,google_pay,succeeded,,,authorized,highest,0,0,1665,mobile,auth_opt_v1
pmt_45f3139fbf,2026-01-01T12:08:02Z,31906,usd,m_002,fintech,DE,EU,rtp,,,succeeded,,,authorized,elevated,0,0,2511,mobile,control
pmt_ecc5fbf439,2026-01-18T22:17:37Z,12107,usd,m_005,gaming,GB,EU,card,amex,,refunded,,,not_attempted,normal,0,1,2411,mobile,routing_v2
pmt_884e4ad4b7,2026-01-23T23:02:54Z,3562,usd,m_003,gaming,BR,LATAM,card,discover,,succeeded,,,authorized,highest,0,0,1900,api,routing_v2
pmt_f366a02b67,2026-02-01T02:06:31Z,10676,usd,m_004,marketplace,BR,LATAM,wallet,,google_pay,refunded,,,not_attempted,elevated,0,1,1804,api,auth_opt_v1
pmt_3392b53008,2026-01-07T11:54:59Z,45736,usd,m_002,saas,DE,EU,card,visa,,succeeded,,,authorized,normal,0,0,2927,mobile,control
pmt_b8b2547c5f,2026-01-05T04:31:03Z,46981,usd,m_003,fintech,IN,APAC,ach,,,refunded,,,not_attempted,normal,0,1,2565,mobile,control
pmt_194e344429,2026-01-22T10:20:53Z,5810,usd,m_004,marketplace,IN,APAC,card,amex,,succeeded,,,authorized,normal,0,0,576,api,control
pmt_045c0bf22a,2026-01-05T13:46:11Z,14898,usd,m_004,gaming,US,NA,card,discover,,succeeded,,,authorized,elevated,0,0,1886,web,auth_opt_v1
pmt_ca8b4f66cf,2026-01-03T04:23:20Z,26218,usd,m_004,ecommerce,DE,EU,ach,,,failed,network_error,technical,declined,elevated,0,0,2206,web,control
pmt_14494b4789,2026-01-24T23:16:59Z,28568,usd,m_005,ecommerce,CA,NA,wallet,,apple_pay,succeeded,,,authorized,normal,0,0,2487,web,control
pmt_03c723fd76,2026-03-03T20:26:19Z,23954,usd,m_002,ecommerce,IN,APAC,card,visa,,succeeded,,,authorized,normal,0,0,2475,mobile,auth_opt_v1
pmt_604f831327,2026-02-21T09:39:46Z,12683,usd,m_001,ecommerce,DE,EU,wallet,,apple_pay,succeeded,,,authorized,normal,0,0,2152,web,auth_opt_v1
pmt_e840649b51,2026-03-07T21:42:03Z,49440,usd,m_003,ecommerce,CA,NA,card,amex,,succeeded,,,authorized,normal,0,0,1669,mobile,auth_opt_v1
pmt_36dc8d1aae,2026-02-19T14:05:53Z,40254,usd,m_002,ecommerce,SG,APAC,card,mastercard,,failed,network_error,technical,declined,normal,0,0,2251,web,auth_opt_v1
pmt_985347cafd,2026-01-16T05:15:56Z,3987,usd,m_002,fintech,SG,APAC,card,amex,,pending,,,not_attempted,normal,0,0,2830,web,control
pmt_ee1388a2a3,2026-03-03T19:51:18Z,9977,usd,m_004,ecommerce,GB,EU,card,visa,,failed,fraud_detected,fraud,declined,normal,0,0,2084,mobile,routing_v2
pmt_aee9ae6ad0,2026-02-06T15:03:55Z,18996,usd,m_003,saas,SG,APAC,rtp,,,failed,expired_card,customer,declined,elevated,0,0,939,mobile,routing_v2
pmt_615b68faad,2026-01-08T00:49:38Z,43541,usd,m_003,marketplace,AU,APAC,card,discover,,succeeded,,,authorized,highest,0,0,2687,api,auth_opt_v1
pmt_7212682cc1,2026-02-25T03:29:19Z,42722,usd,m_001,ecommerce,SG,APAC,wallet,,google_pay,succeeded,,,authorized,normal,0,0,1943,web,control
pmt_e605288903,2026-01-20T04:59:09Z,28339,usd,m_005,fintech,DE,EU,wallet,,apple_pay,succeeded,,,authorized,highest,0,0,2137,web,control
pmt_1b8677977b,2026-02-17T04:51:59Z,29781,usd,m_003,fintech,BR,LATAM,card,amex,,pending,,,not_attempted,normal,0,0,2311,mobile,auth_opt_v1
pmt_1a9752857f,2026-03-09T23:43:06Z,18125,usd,m_002,ecommerce,BR,LATAM,card,amex,,refunded,,,not_attempted,normal,0,1,944,web,auth_opt_v1
pmt_1e87678fec,2026-01-15T01:05:39Z,49388,usd,m_003,gaming,BR,LATAM,ach,,,succeeded,,,authorized,normal,0,0,264,web,control
pmt_140ee586d8,2026-02-03T01:56:37Z,4031,usd,m_002,saas,SG,APAC,card,mastercard,,succeeded,,,authorized,normal,0,0,2237,api,control
pmt_c1a7e23fae,2026-03-08T18:07:44Z,25729,usd,m_003,saas,DE,EU,card,discover,,succeeded,,,authorized,normal,0,0,398,web,control
pmt_d1d512ec6c,2026-03-14T21:36:01Z,36811,usd,m_002,saas,IN,APAC,rtp,,,failed,fraud_detected,fraud,declined,elevated,0,0,1729,mobile,control
pmt_90aeb234d4,2026-02-17T02:09:39Z,15071,usd,m_004,ecommerce,BR,LATAM,wallet,,google_pay,succeeded,,,authorized,normal,0,0,622,api,control
pmt_ffe3d9f7c7,2026-02-13T00:29:57Z,22500,usd,m_002,fintech,SG,APAC,card,mastercard,,succeeded,,,authorized,normal,0,0,1855,mobile,auth_opt_v1
pmt_a2ded244b6,2026-01-10T13:03:39Z,44223,usd,m_003,gaming,GB,EU,card,visa,,succeeded,,,authorized,highest,0,0,289,web,control
pmt_94cd46f9c9,2026-01-20T13:33:14Z,13140,usd,m_002,fintech,BR,LATAM,ach,,,succeeded,,,authorized,elevated,0,0,855,api,routing_v2
pmt_e71eb928cf,2026-02-03T23:36:58Z,36538,usd,m_003,gaming,AU,APAC,wallet,,google_pay,pending,,,not_attempted,normal,0,0,2815,api,auth_opt_v1
pmt_5bc5781bca,2026-02-15T12:18:57Z,15164,usd,m_001,gaming,GB,EU,rtp,,,succeeded,,,authorized,elevated,0,0,1905,web,routing_v2
pmt_01c6cde05e,2026-01-20T15:57:12Z,47217,usd,m_004,ecommerce,CA,NA,card,discover,,succeeded,,,authorized,normal,0,0,570,api,auth_opt_v1
pmt_02c968dc22,2026-01-30T02:01:13Z,41297,usd,m_004,saas,IN,APAC,card,amex,,pending,,,not_attempted,normal,0,0,1823,mobile,control
pmt_6d187bd6f3,2026-02-07T19:33:56Z,543,usd,m_003,marketplace,CA,NA,rtp,,,succeeded,,,authorized,normal,0,0,2882,web,routing_v2
pmt_c00b95194b,2026-03-02T21:39:00Z,45617,usd,m_003,gaming,SG,APAC,rtp,,,succeeded,,,authorized,normal,0,0,832,api,control
pmt_75f4359de6,2026-01-13T22:59:52Z,17120,usd,m_005,saas,AU,APAC,card,amex,,succeeded,,,authorized,normal,0,0,240,api,routing_v2
pmt_74b34aa15d,2026-01-03T05:07:00Z,25817,usd,m_003,saas,AU,APAC,wallet,,apple_pay,refunded,,,not_attempted,normal,0,1,591,web,control
pmt_b384fd2fa8,2026-01-09T18:54:19Z,14641,usd,m_002,saas,AU,APAC,ach,,,succeeded,,,authorized,normal,0,0,1402,api,routing_v2
pmt_807886eccd,2026-01-06T00:51:38Z,36277,usd,m_005,marketplace,SG,APAC,card,amex,,succeeded,,,authorized,normal,0,0,1048,mobile,control
pmt_2c3885c9d7,2026-01-22T08:33:02Z,27746,usd,m_003,saas,CA,NA,card,amex,,succeeded,,,authorized,normal,0,0,2034,mobile,control
pmt_383f7c4f7f,2026-01-25T19:07:44Z,10888,usd,m_002,gaming,US,NA,rtp,,,succeeded,,,authorized,elevated,0,0,2676,api,control
pmt_5469be74f5,2026-01-24T14:21:17Z,23132,usd,m_001,marketplace,BR,LATAM,ach,,,pending,,,not_attempted,normal,0,0,1771,api,control
pmt_96c3c7bf7e,2026-01-29T12:32:15Z,41798,usd,m_002,saas,AU,APAC,wallet,,apple_pay,succeeded,,,authorized,normal,0,0,1220,api,auth_opt_v1
pmt_6b4b2bbd08,2026-01-18T21:54:22Z,33288,usd,m_004,marketplace,GB,EU,card,amex,,succeeded,,,authorized,elevated,0,0,2884,api,auth_opt_v1
pmt_1c0f4002c9,2026-02-11T11:06:47Z,10776,usd,m_003,saas,IN,APAC,rtp,,,succeeded,,,authorized,normal,0,0,2545,api,routing_v2
pmt_a5b9a674f3,2026-01-19T15:19:54Z,10935,usd,m_001,marketplace,GB,EU,wallet,,apple_pay,succeeded,,,authorized,normal,0,0,1372,mobile,routing_v2
pmt_fbd557d817,2026-02-27T21:54:34Z,24895,usd,m_001,saas,SG,APAC,card,amex,,succeeded,,,authorized,highest,0,0,376,api,control
pmt_0d904d373a,2026-01-20T22:54:10Z,8449,usd,m_002,ecommerce,GB,EU,rtp,,,succeeded,,,authorized,normal,0,0,2062,mobile,control
pmt_d9642b21cb,2026-01-19T19:34:12Z,21803,usd,m_002,gaming,BR,LATAM,wallet,,google_pay,succeeded,,,authorized,normal,0,0,2250,api,auth_opt_v1
pmt_9ab81b8917,2026-03-10T14:26:04Z,12593,usd,m_004,gaming,CA,NA,wallet,,google_pay,failed,expired_card,customer,declined,normal,0,0,1277,api,routing_v2
pmt_265be7c443,2026-03-12T21:36:12Z,18332,usd,m_001,fintech,IN,APAC,rtp,,,succeeded,,,authorized,normal,0,0,725,api,control
pmt_1e1d4f131c,2026-02-14T19:53:18Z,15488,usd,m_004,marketplace,IN,APAC,wallet,,apple_pay,succeeded,,,authorized,normal,0,0,1427,mobile,control
pmt_2159c2ab39,2026-01-28T16:41:05Z,22162,usd,m_003,ecommerce,US,NA,card,mastercard,,succeeded,,,authorized,normal,0,0,863,web,control
pmt_f19914f09d,2026-01-13T01:02:04Z,3031,usd,m_001,ecommerce,CA,NA,rtp,,,pending,,,not_attempted,normal,0,0,987,api,routing_v2
pmt_37f92eebfd,2026-02-05T19:58:38Z,35016,usd,m_003,marketplace,US,NA,card,discover,,pending,,,not_attempted,normal,0,0,2685,api,routing_v2
pmt_1a4dfa68f7,2026-02-28T03:11:26Z,10737,usd,m_005,marketplace,GB,EU,card,visa,,succeeded,,,authorized,normal,0,0,1745,api,control
pmt_f0fab68f98,2026-02-11T00:54:46Z,38948,usd,m_004,ecommerce,BR,LATAM,card,amex,,succeeded,,,authorized,normal,0,0,417,web,routing_v2
pmt_0606e87ee1,2026-03-03T14:16:44Z,1035,usd,m_005,gaming,SG,APAC,wallet,,google_pay,refunded,,,not_attempted,normal,0,1,569,api,routing_v2
pmt_55ef709def,2026-03-06T23:19:39Z,8899,usd,m_004,marketplace,IN,APAC,card,mastercard,,succeeded,,,authorized,normal,0,0,2956,api,control
pmt_d479da03c2,2026-01-23T22:39:45Z,40646,usd,m_002,marketplace,DE,EU,rtp,,,succeeded,,,authorized,normal,0,0,315,api,control
pmt_2f0022a28c,2026-02-20T21:07:36Z,7918,usd,m_002,marketplace,DE,EU,ach,,,failed,network_error,technical,declined,normal,0,0,733,mobile,auth_opt_v1
pmt_37eee038e9,2026-01-17T15:39:02Z,15908,usd,m_004,gaming,US,NA,rtp,,,succeeded,,,authorized,highest,0,0,929,api,control
pmt_4aaad6a4bd,2026-03-10T03:02:36Z,27928,usd,m_001,ecommerce,BR,LATAM,ach,,,failed,do_not_honor,bank_decline,declined,normal,0,0,2491,web,auth_opt_v1
pmt_2a8c0d54ea,2026-02-24T17:00:28Z,34272,usd,m_005,ecommerce,AU,APAC,card,visa,,failed,insufficient_funds,bank_decline,declined,normal,0,0,1103,web,auth_opt_v1
pmt_51a44d71c1,2026-02-24T00:20:04Z,37305,usd,m_004,saas,SG,APAC,card,discover,,succeeded,,,authorized,highest,0,0,2099,mobile,routing_v2
pmt_e5e29da5ec,2026-02-11T06:36:24Z,36510,usd,m_004,ecommerce,GB,EU,rtp,,,succeeded,,,authorized,highest,0,0,577,web,auth_opt_v1
pmt_727ce621ad,2026-01-22T13:42:48Z,17077,usd,m_003,saas,US,NA,ach,,,succeeded,,,authorized,normal,0,0,1310,web,control
pmt_f1fc557dc0,2026-02-15T09:29:10Z,40286,usd,m_002,ecommerce,CA,NA,ach,,,succeeded,,,authorized,normal,0,0,2735,web,routing_v2
pmt_a66a471bf7,2026-02-03T02:50:21Z,9287,usd,m_002,gaming,BR,LATAM,card,visa,,refunded,,,not_attempted,normal,0,1,1003,web,control
pmt_121c244dbf,2026-01-10T21:51:35Z,16186,usd,m_004,saas,CA,NA,rtp,,,succeeded,,,authorized,normal,0,0,1681,api,auth_opt_v1
pmt_3647565b53,2026-03-11T01:46:45Z,14596,usd,m_005,fintech,SG,APAC,card,discover,,succeeded,,,authorized,elevated,0,0,2957,api,control
pmt_f63d221333,2026-01-27T21:44:38Z,21013,usd,m_004,fintech,IN,APAC,card,discover,,pending,,,not_attempted,normal,0,0,291,mobile,routing_v2
pmt_a7306baea4,2026-02-03T06:33:50Z,48721,usd,m_003,gaming,SG,APAC,card,amex,,pending,,,not_attempted,highest,0,0,539,web,control
pmt_b8a070d994,2026-01-22T15:58:04Z,14433,usd,m_003,ecommerce,AU,APAC,card,mastercard,,succeeded,,,authorized,normal,0,0,890,web,auth_opt_v1
pmt_ac94fb1912,2026-02-13T03:37:08Z,39925,usd,m_004,fintech,DE,EU,card,visa,,refunded,,,not_attempted,normal,0,1,2367,web,routing_v2
pmt_4f9c15f337,2026-02-20T10:50:20Z,9740,usd,m_003,saas,AU,APAC,card,visa,,succeeded,,,authorized,normal,0,0,2385,mobile,control
pmt_19acfbbadf,2026-02-28T12:35:40Z,5751,usd,m_002,gaming,DE,EU,card,amex,,succeeded,,,authorized,normal,0,0,1425,mobile,routing_v2
pmt_3d875581eb,2026-02-12T11:39:09Z,46307,usd,m_003,ecommerce,AU,APAC,card,visa,,succeeded,,,authorized,highest,0,0,1312,api,routing_v2
pmt_4275d7b5c2,2026-02-25T06:55:19Z,23185,usd,m_001,ecommerce,BR,LATAM,rtp,,,succeeded,,,authorized,normal,0,0,848,web,auth_opt_v1
pmt_4d69ae3838,2026-03-13T12:30:56Z,33275,usd,m_005,saas,AU,APAC,card,mastercard,,refunded,,,not_attempted,highest,0,1,1938,mobile,control
pmt_dfea5577b8,2026-02-13T10:35:04Z,28955,usd,m_003,fintech,CA,NA,rtp,,,refunded,,,not_attempted,normal,0,1,2060,mobile,control
pmt_28526b737e,2026-02-15T05:29:40Z,6367,usd,m_001,ecommerce,IN,APAC,card,visa,,succeeded,,,authorized,elevated,0,0,1070,api,control
pmt_e780048c03,2026-03-05T18:04:47Z,43892,usd,m_005,saas,US,NA,card,amex,,failed,expired_card,customer,declined,elevated,0,0,1264,mobile,routing_v2
pmt_f142770829,2026-01-01T06:00:04Z,22529,usd,m_004,ecommerce,US,NA,rtp,,,pending,,,not_attempted,highest,0,0,1573,web,control
pmt_425a7aec70,2026-02-09T12:50:11Z,10405,usd,m_002,marketplace,SG,APAC,ach,,,succeeded,,,authorized,normal,0,0,1530,web,routing_v2
pmt_1de3ae6a5d,2026-01-25T23:22:12Z,32754,usd,m_004,ecommerce,BR,LATAM,card,discover,,succeeded,,,authorized,normal,0,0,2379,api,routing_v2
pmt_b1eb3a8abf,2026-03-16T13:04:17Z,43222,usd,m_005,ecommerce,CA,NA,ach,,,succeeded,,,authorized,normal,0,0,2615,api,auth_opt_v1
pmt_d9bf9c123c,2026-01-16T01:38:53Z,1762,usd,m_001,saas,US,NA,ach,,,succeeded,,,authorized,normal,0,0,747,api,control
pmt_e3385acc4f,2026-02-05T06:26:31Z,48839,usd,m_002,gaming,SG,APAC,card,mastercard,,succeeded,,,authorized,normal,0,0,2481,web,routing_v2
pmt_5a223c02d9,2026-02-18T07:34:48Z,29864,usd,m_002,ecommerce,CA,NA,wallet,,google_pay,pending,,,not_attempted,highest,0,0,273,web,auth_opt_v1
pmt_983a7cc9b8,2026-01-19T08:53:36Z,36063,usd,m_003,marketplace,BR,LATAM,wallet,,apple_pay,refunded,,,not_attempted,normal,0,1,1868,api,auth_opt_v1
pmt_eefcf803af,2026-01-21T06:55:27Z,5031,usd,m_005,saas,AU,APAC,rtp,,,succeeded,,,authorized,highest,0,0,2637,api,auth_opt_v1
pmt_5b10effa9f,2026-01-25T02:13:44Z,23683,usd,m_005,ecommerce,CA,NA,card,visa,,pending,,,not_attempted,normal,0,0,1828,api,control
pmt_acc7146b31,2026-03-05T13:41:20Z,45585,usd,m_002,marketplace,SG,APAC,rtp,,,succeeded,,,authorized,highest,0,0,1362,web,routing_v2
pmt_ebf7760a78,2026-02-14T03:37:12Z,8839,usd,m_003,marketplace,US,NA,card,visa,,refunded,,,not_attempted,elevated,0,1,1744,mobile,routing_v2
pmt_9382efcc6d,2026-02-11T20:42:02Z,549,usd,m_003,saas,DE,EU,ach,,,succeeded,,,authorized,highest,0,0,1124,api,routing_v2
pmt_bb09f1bf88,2026-03-02T10:55:43Z,43719,usd,m_002,fintech,US,NA,card,mastercard,,succeeded,,,authorized,elevated,0,0,1400,web,control
pmt_122ff9b4a3,2026-03-14T03:07:13Z,36198,usd,m_003,ecommerce,BR,LATAM,rtp,,,succeeded,,,authorized,elevated,0,0,2364,api,control
pmt_d4c4aa762d,2026-01-07T22:00:39Z,29078,usd,m_003,marketplace,SG,APAC,wallet,,apple_pay,succeeded,,,authorized,highest,0,0,2763,mobile,control
pmt_21bcde6c91,2026-02-18T20:06:45Z,14914,usd,m_005,gaming,SG,APAC,card,visa,,failed,insufficient_funds,bank_decline,declined,highest,0,0,2583,web,control
pmt_02582b1748,2026-01-02T02:46:33Z,25661,usd,m_004,marketplace,DE,EU,card,discover,,succeeded,,,authorized,highest,0,0,879,mobile,control
pmt_898c06e778,2026-02-06T06:08:47Z,9190,usd,m_005,marketplace,CA,NA,card,visa,,succeeded,,,authorized,elevated,0,0,1999,web,routing_v2
pmt_7d4d3cf42b,2026-01-25T00:05:36Z,16445,usd,m_001,marketplace,IN,APAC,card,visa,,succeeded,,,authorized,normal,0,0,2520,web,auth_opt_v1
pmt_303e99197b,2026-02-23T04:33:59Z,25238,usd,m_005,fintech,AU,APAC,card,discover,,succeeded,,,authorized,normal,0,0,515,web,auth_opt_v1
pmt_136bf089e1,2026-02-09T03:44:27Z,47559,usd,m_002,ecommerce,GB,EU,ach,,,succeeded,,,authorized,normal,0,0,2289,api,control
pmt_fbb461c9f9,2026-01-20T05:04:43Z,16311,usd,m_005,saas,AU,APAC,card,amex,,succeeded,,,authorized,normal,0,0,799,mobile,auth_opt_v1
pmt_3894055a84,2026-03-15T15:11:46Z,46619,usd,m_002,gaming,GB,EU,rtp,,,refunded,,,not_attempted,elevated,0,1,960,api,control
pmt_c7d1195b0d,2026-01-15T22:29:30Z,24353,usd,m_001,ecommerce,IN,APAC,rtp,,,succeeded,,,authorized,normal,0,0,2785,api,routing_v2
pmt_b79ea5b2da,2026-02-19T16:35:53Z,20038,usd,m_002,ecommerce,SG,APAC,wallet,,apple_pay,succeeded,,,authorized,normal,0,0,1059,mobile,control
pmt_679cf88e0c,2026-03-06T11:02:15Z,1871,usd,m_004,marketplace,DE,EU,wallet,,apple_pay,failed,network_error,technical,declined,normal,0,0,1066,api,control
pmt_eb968fb65d,2026-03-03T16:08:48Z,21005,usd,m_004,saas,IN,APAC,ach,,,refunded,,,not_attempted,normal,0,1,2622,api,control
pmt_4837ab4271,2026-02-12T16:01:25Z,16534,usd,m_001,ecommerce,US,NA,card,visa,,succeeded,,,authorized,normal,0,0,2365,mobile,routing_v2
pmt_d5843ba200,2026-02-15T23:40:33Z,2810,usd,m_005,marketplace,GB,EU,wallet,,google_pay,succeeded,,,authorized,normal,0,0,1100,api,routing_v2
pmt_60066911b7,2026-02-09T09:53:14Z,23920,usd,m_005,fintech,US,NA,ach,,,refunded,,,not_attempted,highest,0,1,2446,web,control
pmt_b44541bf80,2026-02-21T04:56:58Z,28045,usd,m_004,fintech,GB,EU,card,amex,,failed,fraud_detected,fraud,declined,normal,0,0,907,web,routing_v2
pmt_e005a86f69,2026-01-03T20:56:24Z,10011,usd,m_002,fintech,BR,LATAM,ach,,,succeeded,,,authorized,highest,0,0,2139,mobile,control
pmt_fbb57c52bb,2026-01-04T00:04:14Z,6048,usd,m_003,gaming,US,NA,rtp,,,refunded,,,not_attempted,highest,0,1,2737,api,auth_opt_v1
pmt_89ab267f4d,2026-02-11T15:58:20Z,45245,usd,m_005,saas,US,NA,card,discover,,refunded,,,not_attempted,normal,0,1,1140,web,routing_v2
pmt_abacaa291f,2026-02-12T06:34:45Z,10261,usd,m_004,ecommerce,IN,APAC,card,amex,,failed,network_error,technical,declined,elevated,0,0,2591,mobile,control
pmt_7184e24f71,2026-03-10T05:00:28Z,39126,usd,m_002,ecommerce,DE,EU,card,visa,,refunded,,,not_attempted,normal,0,1,2214,web,control
pmt_1554e32d3b,2026-01-03T02:40:02Z,47263,usd,m_003,marketplace,BR,LATAM,card,mastercard,,succeeded,,,authorized,normal,0,0,1502,api,routing_v2
pmt_5ae95e5db3,2026-02-22T05:39:10Z,22262,usd,m_003,marketplace,SG,APAC,card,mastercard,,succeeded,,,authorized,normal,1,0,2420,mobile,routing_v2
pmt_fc8499201e,2026-02-14T14:07:12Z,39423,usd,m_002,marketplace,CA,NA,rtp,,,succeeded,,,authorized,normal,0,0,727,web,control
pmt_38a20ba1f0,2026-02-16T18:14:11Z,13564,usd,m_002,marketplace,GB,EU,card,mastercard,,succeeded,,,authorized,normal,0,0,490,web,control
pmt_c8932bcb73,2026-01-18T07:04:52Z,43054,usd,m_003,ecommerce,BR,LATAM,card,amex,,succeeded,,,authorized,normal,0,0,609,web,control
pmt_5c51b690d1,2026-01-22T12:24:03Z,20421,usd,m_004,saas,SG,APAC,rtp,,,succeeded,,,authorized,highest,0,0,1171,api,control
pmt_6eed4bd6c5,2026-02-15T09:52:34Z,40816,usd,m_003,ecommerce,CA,NA,card,discover,,refunded,,,not_attempted,normal,0,1,1890,mobile,control
pmt_8675b837ad,2026-03-06T03:31:12Z,40885,usd,m_005,saas,SG,APAC,card,amex,,pending,,,not_attempted,normal,0,0,2245,web,auth_opt_v1
pmt_1e0b6c98f0,2026-03-16T17:36:27Z,33973,usd,m_002,marketplace,CA,NA,ach,,,failed,do_not_honor,bank_decline,declined,normal,0,0,2798,mobile,auth_opt_v1
pmt_fd5b6f44de,2026-02-19T10:36:17Z,35001,usd,m_003,fintech,AU,APAC,ach,,,succeeded,,,authorized,normal,0,0,2475,web,control
pmt_af0cb6d6bc,2026-02-04T15:11:58Z,13705,usd,m_001,marketplace,GB,EU,ach,,,succeeded,,,authorized,normal,0,0,2678,web,control
pmt_cacadaab96,2026-03-04T04:51:31Z,270,usd,m_003,fintech,SG,APAC,card,visa,,succeeded,,,authorized,highest,0,0,1911,api,control
pmt_7a25578cb3,2026-02-25T12:39:44Z,29110,usd,m_004,marketplace,AU,APAC,ach,,,pending,,,not_attempted,elevated,0,0,1616,web,auth_opt_v1
pmt_14eddf6a2b,2026-02-07T23:45:42Z,24886,usd,m_001,marketplace,SG,APAC,rtp,,,failed,expired_card,customer,declined,normal,0,0,643,web,auth_opt_v1
pmt_2be91ccd11,2026-02-24T19:24:29Z,19779,usd,m_002,saas,AU,APAC,card,mastercard,,succeeded,,,authorized,normal,0,0,2004,mobile,routing_v2
pmt_56b220dce9,2026-01-15T21:30:01Z,48447,usd,m_002,marketplace,IN,APAC,card,discover,,pending,,,not_attempted,normal,0,0,2958,api,control
pmt_25c21d7ed4,2026-01-27T06:58:26Z,6509,usd,m_005,ecommerce,IN,APAC,ach,,,succeeded,,,authorized,elevated,0,0,1590,web,control
pmt_6aafac888f,2026-01-06T06:00:27Z,25498,usd,m_005,fintech,BR,LATAM,card,discover,,succeeded,,,authorized,elevated,0,0,2599,api,auth_opt_v1
pmt_ceee4c1a76,2026-03-05T09:00:10Z,11371,usd,m_002,saas,IN,APAC,card,amex,,succeeded,,,authorized,elevated,0,0,2841,web,routing_v2
pmt_1e8bcdcc63,2026-02-15T10:40:23Z,18790,usd,m_002,fintech,AU,APAC,card,mastercard,,succeeded,,,authorized,elevated,0,0,670,api,auth_opt_v1
pmt_94c239517f,2026-03-04T13:17:01Z,35169,usd,m_004,ecommerce,DE,EU,card,amex,,refunded,,,not_attempted,normal,0,1,2701,mobile,routing_v2
pmt_6fc2544a94,2026-02-24T04:57:29Z,5650,usd,m_001,marketplace,BR,LATAM,wallet,,apple_pay,refunded,,,not_attempted,normal,0,1,980,web,routing_v2
pmt_7b738049bc,2026-01-26T14:12:02Z,29854,usd,m_004,marketplace,DE,EU,card,amex,,succeeded,,,authorized,elevated,0,0,1520,mobile,routing_v2
pmt_844dafda07,2026-03-11T16:23:09Z,41421,usd,m_003,marketplace,US,NA,rtp,,,refunded,,,not_attempted,normal,0,1,2945,web,control
pmt_a74a86b2ca,2026-01-28T20:41:16Z,47103,usd,m_004,fintech,DE,EU,wallet,,google_pay,pending,,,not_attempted,normal,0,0,1176,api,control
pmt_97c7b527ed,2026-03-04T13:54:21Z,1509,usd,m_002,marketplace,CA,NA,rtp,,,pending,,,not_attempted,normal,0,0,1379,web,auth_opt_v1
pmt_83b3d8edec,2026-01-29T00:31:41Z,21003,usd,m_004,gaming,GB,EU,rtp,,,succeeded,,,authorized,normal,0,0,2888,mobile,auth_opt_v1
pmt_8f5dec6e06,2026-02-18T20:29:09Z,40652,usd,m_005,fintech,BR,LATAM,rtp,,,pending,,,not_attempted,elevated,0,0,2247,mobile,auth_opt_v1
pmt_7d7c40d064,2026-02-27T03:39:06Z,34467,usd,m_002,marketplace,AU,APAC,card,amex,,failed,network_error,technical,declined,normal,0,0,1594,mobile,routing_v2
pmt_d6d21568e9,2026-01-23T20:01:30Z,22537,usd,m_005,gaming,CA,NA,card,visa,,failed,insufficient_funds,bank_decline,declined,normal,0,0,2771,web,auth_opt_v1
pmt_d7ef72b09c,2026-01-30T12:47:13Z,38007,usd,m_001,fintech,AU,APAC,rtp,,,refunded,,,not_attempted,normal,0,1,2746,web,routing_v2
pmt_552ae34af8,2026-03-15T11:58:10Z,25102,usd,m_001,fintech,US,NA,rtp,,,succeeded,,,authorized,highest,0,0,1480,mobile,auth_opt_v1
pmt_698cbab2b3,2026-02-16T02:26:40Z,30240,usd,m_002,fintech,SG,APAC,card,visa,,succeeded,,,authorized,highest,0,0,1296,web,control
pmt_7022f01ee5,2026-01-13T08:37:57Z,22916,usd,m_005,ecommerce,BR,LATAM,card,mastercard,,succeeded,,,authorized,normal,0,0,2003,web,auth_opt_v1
pmt_a54fbec610,2026-01-15T12:35:28Z,15382,usd,m_002,gaming,IN,APAC,rtp,,,succeeded,,,authorized,normal,0,0,967,mobile,control
pmt_0c7d5a5e93,2026-02-21T02:32:56Z,8419,usd,m_001,gaming,SG,APAC,card,visa,,succeeded,,,authorized,normal,0,0,1412,web,control
pmt_3ff194325a,2026-01-22T01:43:40Z,40759,usd,m_003,gaming,SG,APAC,wallet,,apple_pay,succeeded,,,authorized,normal,0,0,770,mobile,routing_v2
pmt_a1e83d9cf5,2026-01-13T16:50:40Z,24834,usd,m_001,saas,US,NA,rtp,,,succeeded,,,authorized,highest,0,0,1087,api,control
pmt_177233c94d,2026-02-25T15:02:08Z,17032,usd,m_004,ecommerce,AU,APAC,ach,,,succeeded,,,authorized,elevated,0,0,217,mobile,auth_opt_v1
pmt_25bd6a5372,2026-03-06T08:41:21Z,24893,usd,m_005,ecommerce,SG,APAC,card,discover,,succeeded,,,authorized,highest,0,0,1429,web,routing_v2
pmt_e0c8ebc0e7,2026-02-10T22:30:14Z,18128,usd,m_004,saas,US,NA,ach,,,failed,insufficient_funds,bank_decline,declined,highest,0,0,1849,api,control
pmt_415036c252,2026-01-10T19:52:14Z,42863,usd,m_004,gaming,DE,EU,ach,,,succeeded,,,authorized,highest,0,0,1756,mobile,control
pmt_2bcc0d891c,2026-03-12T05:27:04Z,4700,usd,m_005,gaming,DE,EU,card,visa,,refunded,,,not_attempted,normal,0,1,900,mobile,control
pmt_12f496f401,2026-01-27T01:11:53Z,12238,usd,m_003,saas,GB,EU,rtp,,,succeeded,,,authorized,normal,0,0,1466,mobile,control
pmt_012b319898,2026-02-26T07:54:50Z,43007,usd,m_002,gaming,CA,NA,ach,,,succeeded,,,authorized,normal,0,0,437,web,control
pmt_2568bba529,2026-02-22T10:31:22Z,47735,usd,m_003,fintech,SG,APAC,ach,,,refunded,,,not_attempted,normal,0,1,561,web,control
pmt_2606d4c98d,2026-03-05T05:27:37Z,20505,usd,m_003,ecommerce,DE,EU,card,visa,,succeeded,,,authorized,normal,0,0,1186,mobile,routing_v2
pmt_8db188e654,2026-01-19T07:36:06Z,3445,usd,m_003,marketplace,US,NA,card,amex,,pending,,,not_attempted,highest,0,0,700,mobile,routing_v2
pmt_35d5d68292,2026-01-27T22:38:47Z,31473,usd,m_002,ecommerce,CA,NA,card,discover,,succeeded,,,authorized,elevated,0,0,1754,web,control
pmt_c5caa5fc54,2026-01-19T04:03:56Z,23393,usd,m_004,marketplace,BR,LATAM,card,amex,,succeeded,,,authorized,normal,0,0,1077,api,control
pmt_e8aff99e66,2026-01-04T21:22:25Z,11175,usd,m_002,marketplace,DE,EU,card,amex,,succeeded,,,authorized,normal,0,0,2143,mobile,auth_opt_v1
pmt_c6464ba79a,2026-01-21T21:11:31Z,21217,usd,m_004,fintech,BR,LATAM,rtp,,,succeeded,,,authorized,elevated,0,0,1397,mobile,auth_opt_v1
pmt_ba07848908,2026-03-02T17:29:34Z,9680,usd,m_004,gaming,DE,EU,ach,,,pending,,,not_attempted,elevated,0,0,2814,api,control
pmt_3475a079e9,2026-02-25T17:01:54Z,36069,usd,m_002,gaming,SG,APAC,rtp,,,refunded,,,not_attempted,normal,0,1,1184,api,routing_v2
pmt_540438964a,2026-02-09T13:23:23Z,12646,usd,m_004,gaming,CA,NA,rtp,,,succeeded,,,authorized,highest,0,0,921,mobile,auth_opt_v1
pmt_3a9ac39c28,2026-01-18T12:07:09Z,42312,usd,m_005,marketplace,GB,EU,card,mastercard,,succeeded,,,authorized,normal,0,0,2786,api,control
pmt_2890603a26,2026-01-16T09:00:24Z,1075,usd,m_003,marketplace,AU,APAC,card,mastercard,,succeeded,,,authorized,normal,0,0,1404,api,auth_opt_v1
pmt_ac089965d9,2026-02-17T04:11:13Z,737,usd,m_003,fintech,DE,EU,wallet,,apple_pay,succeeded,,,authorized,highest,0,0,487,web,auth_opt_v1
pmt_1f0e9633e5,2026-02-04T09:17:13Z,28560,usd,m_003,saas,GB,EU,card,visa,,refunded,,,not_attempted,elevated,0,1,2172,mobile,control
pmt_0bf4429e68,2026-01-13T00:35:15Z,44708,usd,m_003,gaming,IN,APAC,card,visa,,pending,,,not_attempted,normal,0,0,2605,api,routing_v2
pmt_d75a37ece8,2026-02-03T05:18:18Z,30422,usd,m_003,gaming,DE,EU,rtp,,,succeeded,,,authorized,highest,0,0,2921,mobile,control
pmt_968fa79907,2026-02-13T12:41:56Z,9149,usd,m_002,gaming,CA,NA,card,amex,,pending,,,not_attempted,elevated,0,0,2834,web,auth_opt_v1
pmt_e61df3aa55,2026-01-07T12:32:24Z,14184,usd,m_003,fintech,CA,NA,card,visa,,succeeded,,,authorized,normal,0,0,628,mobile,routing_v2
pmt_d6769a2b04,2026-01-06T08:18:58Z,15475,usd,m_002,ecommerce,CA,NA,card,discover,,refunded,,,not_attempted,normal,0,1,1919,api,routing_v2
pmt_5485b8a242,2026-02-03T09:51:18Z,17504,usd,m_005,saas,BR,LATAM,card,mastercard,,succeeded,,,authorized,normal,0,0,2760,api,routing_v2
pmt_042d3a16ba,2026-02-21T13:57:32Z,7404,usd,m_003,marketplace,AU,APAC,card,amex,,succeeded,,,authorized,normal,0,0,1975,web,routing_v2
pmt_94138cbdbd,2026-01-10T01:17:02Z,38338,usd,m_003,saas,IN,APAC,card,mastercard,,failed,insufficient_funds,bank_decline,declined,elevated,0,0,389,web,control
pmt_02667a34bc,2026-02-19T07:16:20Z,30194,usd,m_003,marketplace,DE,EU,ach,,,refunded,,,not_attempted,highest,0,1,2587,mobile,auth_opt_v1
pmt_3ff9093d3e,2026-01-23T13:51:35Z,8156,usd,m_005,fintech,AU,APAC,ach,,,refunded,,,not_attempted,normal,0,1,1856,mobile,routing_v2
pmt_4506692689,2026-02-25T01:23:57Z,44441,usd,m_002,marketplace,BR,LATAM,ach,,,succeeded,,,authorized,normal,0,0,2359,api,control
pmt_2629025a71,2026-01-31T10:57:45Z,14216,usd,m_004,gaming,IN,APAC,card,discover,,failed,network_error,technical,declined,highest,0,0,1749,api,auth_opt_v1
pmt_7923828ac0,2026-02-18T14:14:52Z,8739,usd,m_001,saas,US,NA,rtp,,,failed,expired_card,customer,declined,highest,0,0,496,mobile,control
pmt_bcc04b5874,2026-01-02T20:44:58Z,41655,usd,m_005,marketplace,CA,NA,rtp,,,refunded,,,not_attempted,normal,0,1,2579,mobile,control
pmt_7b6783fc9f,2026-01-18T09:25:43Z,20500,usd,m_003,saas,DE,EU,card,mastercard,,succeeded,,,authorized,normal,0,0,664,web,control
pmt_a7c6b01b53,2026-01-30T11:09:22Z,44606,usd,m_003,gaming,CA,NA,rtp,,,failed,network_error,technical,declined,normal,0,0,2652,mobile,control
pmt_458b37b033,2026-02-28T05:40:48Z,34710,usd,m_003,marketplace,GB,EU,rtp,,,failed,network_error,technical,declined,elevated,0,0,2849,web,control
pmt_f9e8a5ef3a,2026-03-09T11:26:09Z,24722,usd,m_003,marketplace,CA,NA,card,discover,,succeeded,,,authorized,normal,0,0,693,api,auth_opt_v1
pmt_1923556fb0,2026-02-25T19:36:22Z,21437,usd,m_004,ecommerce,AU,APAC,rtp,,,succeeded,,,authorized,elevated,0,0,976,api,auth_opt_v1
pmt_dfa1ca3a13,2026-02-08T15:41:54Z,37827,usd,m_001,fintech,AU,APAC,rtp,,,succeeded,,,authorized,normal,0,0,1926,mobile,control
pmt_b5adc43bf1,2026-01-05T23:47:25Z,19401,usd,m_003,ecommerce,CA,NA,ach,,,succeeded,,,authorized,normal,0,0,2021,web,auth_opt_v1
pmt_634c6c156f,2026-02-24T18:03:53Z,15843,usd,m_001,ecommerce,IN,APAC,wallet,,google_pay,pending,,,not_attempted,highest,0,0,569,api,auth_opt_v1
pmt_9948380cf3,2026-01-08T21:58:20Z,34070,usd,m_004,marketplace,IN,APAC,card,mastercard,,succeeded,,,authorized,highest,0,0,1739,web,control
pmt_62ddfa8189,2026-01-02T16:01:39Z,17555,usd,m_001,marketplace,DE,EU,card,visa,,refunded,,,not_attempted,normal,0,1,1868,web,control
pmt_87c6d0df25,2026-01-10T22:51:35Z,42376,usd,m_004,saas,GB,EU,card,amex,,pending,,,not_attempted,normal,0,0,2861,api,control
pmt_3fc74e78b3,2026-02-20T09:05:51Z,25384,usd,m_003,marketplace,IN,APAC,card,visa,,succeeded,,,authorized,normal,0,0,2147,web,routing_v2
pmt_e92eaa4d2f,2026-02-10T02:38:41Z,10879,usd,m_001,gaming,SG,APAC,card,amex,,refunded,,,not_attempted,highest,0,1,2680,mobile,control
pmt_a9070ad9e9,2026-02-11T01:29:18Z,47172,usd,m_002,marketplace,CA,NA,card,discover,,failed,insufficient_funds,bank_decline,declined,elevated,0,0,1886,web,auth_opt_v1
pmt_a46e978c37,2026-03-16T14:44:57Z,48613,usd,m_005,ecommerce,GB,EU,card,amex,,succeeded,,,authorized,normal,0,0,1242,web,control
pmt_2acc35b0b5,2026-03-16T15:48:06Z,34852,usd,m_005,marketplace,IN,APAC,wallet,,apple_pay,pending,,,not_attempted,elevated,0,0,2129,web,control
pmt_3e8c0909e8,2026-03-02T01:36:43Z,7200,usd,m_005,saas,AU,APAC,card,visa,,succeeded,,,authorized,normal,0,0,2997,api,routing_v2
pmt_c6654b18e8,2026-03-09T17:26:24Z,25444,usd,m_004,marketplace,US,NA,card,discover,,succeeded,,,authorized,normal,0,0,2139,web,control
pmt_e7497d1969,2026-02-26T04:02:36Z,26180,usd,m_003,fintech,SG,APAC,card,visa,,failed,network_error,technical,declined,elevated,0,0,2794,mobile,routing_v2
pmt_448e28a632,2026-03-06T16:17:37Z,24250,usd,m_003,ecommerce,CA,NA,card,mastercard,,succeeded,,,authorized,normal,0,0,1184,mobile,routing_v2
pmt_e63dc3a0aa,2026-03-07T10:00:00Z,37758,usd,m_003,marketplace,IN,APAC,ach,,,refunded,,,not_attempted,highest,0,1,2999,mobile,control
pmt_ce85d00e88,2026-03-16T22:55:06Z,36890,usd,m_003,ecommerce,AU,APAC,card,mastercard,,succeeded,,,authorized,highest,0,0,2988,api,control
pmt_3345f2320c,2026-02-05T21:26:14Z,46187,usd,m_002,saas,US,NA,card,mastercard,,succeeded,,,authorized,elevated,0,0,1453,web,routing_v2
pmt_808cadc5d3,2026-02-23T19:16:45Z,22541,usd,m_005,saas,BR,LATAM,wallet,,google_pay,succeeded,,,authorized,elevated,0,0,2258,mobile,auth_opt_v1
pmt_6f0835b207,2026-01-28T12:57:45Z,5631,usd,m_003,gaming,GB,EU,card,mastercard,,succeeded,,,authorized,normal,0,0,1137,api,control
pmt_f160c32922,2026-01-27T09:06:38Z,4739,usd,m_005,ecommerce,DE,EU,card,mastercard,,succeeded,,,authorized,normal,0,0,1485,mobile,control
pmt_ef4f8ddddf,2026-02-21T19:05:24Z,19304,usd,m_004,fintech,GB,EU,rtp,,,failed,do_not_honor,bank_decline,declined,normal,0,0,2646,web,routing_v2
pmt_2719595dcb,2026-02-18T18:58:07Z,44213,usd,m_001,fintech,AU,APAC,wallet,,google_pay,succeeded,,,authorized,normal,0,0,1527,mobile,routing_v2
pmt_b23b4c73c1,2026-01-18T17:47:22Z,43312,usd,m_002,fintech,GB,EU,card,discover,,succeeded,,,authorized,highest,0,0,2256,web,routing_v2
pmt_879bcf47ac,2026-01-01T03:45:36Z,6726,usd,m_002,fintech,SG,APAC,rtp,,,refunded,,,not_attempted,elevated,0,1,1173,mobile,control
pmt_8dae33a925,2026-02-15T13:25:58Z,13150,usd,m_002,saas,BR,LATAM,wallet,,apple_pay,succeeded,,,authorized,highest,0,0,1252,mobile,auth_opt_v1
pmt_bbca51878b,2026-01-22T19:16:47Z,36273,usd,m_004,fintech,AU,APAC,wallet,,google_pay,failed,insufficient_funds,bank_decline,declined,elevated,0,0,930,api,control
pmt_b5a799e80c,2026-01-12T13:03:46Z,15617,usd,m_004,ecommerce,SG,APAC,card,discover,,refunded,,,not_attempted,elevated,0,1,1734,web,control
pmt_4a7c66cd58,2026-01-31T17:25:44Z,8854,usd,m_004,marketplace,CA,NA,card,amex,,pending,,,not_attempted,highest,0,0,2641,api,control
pmt_19b2a50efa,2026-03-05T07:45:49Z,43775,usd,m_001,fintech,AU,APAC,wallet,,google_pay,failed,fraud_detected,fraud,declined,highest,0,0,2066,mobile,routing_v2
pmt_425eb57fdd,2026-02-27T02:31:31Z,9407,usd,m_001,ecommerce,SG,APAC,rtp,,,succeeded,,,authorized,elevated,0,0,2694,mobile,control
pmt_d11abf6b0f,2026-01-18T15:06:00Z,28350,usd,m_005,gaming,BR,LATAM,card,amex,,succeeded,,,authorized,highest,1,0,1097,mobile,control
pmt_dda6a2624d,2026-03-10T19:38:17Z,45848,usd,m_002,fintech,SG,APAC,ach,,,refunded,,,not_attempted,normal,0,1,2218,mobile,control
pmt_50a4bd28e7,2026-01-25T10:51:37Z,7536,usd,m_005,saas,BR,LATAM,wallet,,google_pay,pending,,,not_attempted,normal,0,0,1097,web,control
pmt_74f3c88e0e,2026-01-25T14:49:18Z,354,usd,m_004,marketplace,SG,APAC,card,visa,,pending,,,not_attempted,highest,0,0,2464,mobile,routing_v2
pmt_13c3322ac1,2026-01-25T16:11:09Z,21305,usd,m_001,saas,BR,LATAM,card,discover,,succeeded,,,authorized,elevated,0,0,2643,web,control
pmt_2c9a02906b,2026-02-06T19:35:07Z,16926,usd,m_002,fintech,US,NA,card,visa,,succeeded,,,authorized,highest,0,0,2307,api,auth_opt_v1
pmt_92ff2b75e9,2026-03-17T20:45:22Z,40759,usd,m_004,ecommerce,BR,LATAM,ach,,,succeeded,,,authorized,highest,0,0,1525,mobile,control
pmt_7557fae6eb,2026-01-05T02:21:18Z,48184,usd,m_001,marketplace,AU,APAC,rtp,,,failed,insufficient_funds,bank_decline,declined,highest,0,0,1462,api,control
pmt_ad59436ec9,2026-01-20T05:44:50Z,43724,usd,m_004,saas,SG,APAC,ach,,,pending,,,not_attempted,normal,0,0,1225,mobile,control
pmt_de8ec5700d,2026-01-17T03:39:55Z,10666,usd,m_003,fintech,DE,EU,wallet,,apple_pay,succeeded,,,authorized,highest,0,0,2231,web,control
pmt_7a2d549733,2026-01-27T14:31:10Z,16324,usd,m_002,ecommerce,US,NA,card,discover,,refunded,,,not_attempted,normal,0,1,807,mobile,control
pmt_9bc5c102cb,2026-03-11T14:11:34Z,6928,usd,m_002,saas,US,NA,card,amex,,refunded,,,not_attempted,highest,0,1,1524,mobile,control
pmt_4cd2c8af7f,2026-01-19T02:47:58Z,5928,usd,m_003,fintech,BR,LATAM,wallet,,google_pay,succeeded,,,authorized,normal,0,0,1131,api,routing_v2
pmt_4196157ae7,2026-02-03T08:30:29Z,25753,usd,m_002,marketplace,US,NA,wallet,,apple_pay,failed,network_error,technical,declined,normal,0,0,2892,mobile,control
pmt_35b588229f,2026-01-07T12:14:15Z,15063,usd,m_001,ecommerce,CA,NA,wallet,,google_pay,pending,,,not_attempted,normal,0,0,2234,api,routing_v2
pmt_b02e8fabc1,2026-01-08T09:00:17Z,47737,usd,m_003,marketplace,DE,EU,wallet,,apple_pay,succeeded,,,authorized,elevated,0,0,655,api,control
pmt_d28dfcbafb,2026-03-12T14:36:34Z,25865,usd,m_003,fintech,CA,NA,ach,,,succeeded,,,authorized,elevated,0,0,1207,api,routing_v2
pmt_696cb574d6,2026-01-18T16:46:05Z,32842,usd,m_003,gaming,GB,EU,ach,,,succeeded,,,authorized,highest,0,0,2675,api,control
pmt_5b8b85642a,2026-01-13T12:19:18Z,393,usd,m_003,saas,GB,EU,card,discover,,succeeded,,,authorized,normal,0,0,2440,web,routing_v2
pmt_1c96faea2e,2026-02-26T05:03:49Z,19255,usd,m_001,gaming,AU,APAC,wallet,,google_pay,succeeded,,,authorized,normal,0,0,1225,web,routing_v2
pmt_15891fe8b2,2026-02-03T15:50:46Z,24770,usd,m_004,gaming,AU,APAC,ach,,,succeeded,,,authorized,elevated,0,0,848,api,routing_v2
pmt_8768bd5928,2026-01-31T05:40:30Z,49519,usd,m_005,gaming,CA,NA,wallet,,apple_pay,succeeded,,,authorized,normal,0,0,1918,web,routing_v2
pmt_da2a2f5699,2026-02-20T07:53:11Z,42006,usd,m_003,fintech,US,NA,wallet,,google_pay,succeeded,,,authorized,normal,0,0,1651,api,control
pmt_54dd1e78da,2026-01-12T08:35:20Z,32425,usd,m_005,fintech,DE,EU,card,discover,,succeeded,,,authorized,normal,0,0,1922,api,auth_opt_v1
pmt_4f1a4981b0,2026-02-11T04:49:21Z,10383,usd,m_001,fintech,DE,EU,rtp,,,failed,insufficient_funds,bank_decline,declined,normal,0,0,1206,mobile,routing_v2
pmt_8cba352f04,2026-02-23T10:38:25Z,10944,usd,m_005,gaming,GB,EU,wallet,,apple_pay,succeeded,,,authorized,normal,0,0,2504,api,routing_v2
pmt_46e5f629c1,2026-02-09T08:37:37Z,21832,usd,m_004,saas,GB,EU,rtp,,,succeeded,,,authorized,highest,0,0,1448,web,control
pmt_73680c2524,2026-02-28T12:06:05Z,25583,usd,m_001,fintech,US,NA,ach,,,succeeded,,,authorized,elevated,0,0,2364,mobile,control
pmt_4244967312,2026-01-06T05:47:23Z,8472,usd,m_003,ecommerce,SG,APAC,card,mastercard,,failed,expired_card,customer,declined,normal,0,0,2148,web,control
pmt_26056ddb7e,2026-01-04T13:36:04Z,43803,usd,m_004,saas,GB,EU,card,discover,,refunded,,,not_attempted,elevated,0,1,1407,web,routing_v2
pmt_35bd81d0b7,2026-01-24T04:09:24Z,4734,usd,m_001,marketplace,BR,LATAM,card,mastercard,,refunded,,,not_attempted,normal,0,1,550,web,control
pmt_94d4502551,2026-03-04T15:59:12Z,39039,usd,m_004,fintech,US,NA,ach,,,pending,,,not_attempted,elevated,0,0,2936,api,control
pmt_06567b760d,2026-01-06T17:54:11Z,37334,usd,m_005,gaming,BR,LATAM,rtp,,,succeeded,,,authorized,normal,0,0,1482,web,control
pmt_7f11f6af19,2026-02-01T16:33:20Z,27497,usd,m_003,gaming,CA,NA,card,discover,,succeeded,,,authorized,highest,0,0,2728,web,routing_v2
pmt_af2410ded5,2026-02-20T03:30:32Z,5748,usd,m_003,marketplace,IN,APAC,ach,,,refunded,,,not_attempted,normal,0,1,2130,mobile,auth_opt_v1
pmt_b09d38e811,2026-03-03T02:11:29Z,26351,usd,m_005,gaming,SG,APAC,card,discover,,succeeded,,,authorized,normal,0,0,1469,api,auth_opt_v1
pmt_9861abe41e,2026-01-14T11:45:39Z,11431,usd,m_001,marketplace,BR,LATAM,rtp,,,pending,,,not_attempted,elevated,0,0,693,mobile,auth_opt_v1
pmt_0477fc9117,2026-03-17T11:59:04Z,44032,usd,m_002,saas,SG,APAC,card,discover,,pending,,,not_attempted,elevated,0,0,1735,web,control
pmt_08a8bb228f,2026-02-08T12:04:15Z,11428,usd,m_001,fintech,CA,NA,card,discover,,pending,,,not_attempted,normal,0,0,2863,web,auth_opt_v1
pmt_76465008ee,2026-03-10T15:54:28Z,24034,usd,m_005,saas,IN,APAC,card,amex,,failed,do_not_honor,bank_decline,declined,normal,0,0,1060,api,routing_v2
pmt_32673b09cd,2026-02-14T06:34:31Z,46879,usd,m_005,fintech,IN,APAC,card,amex,,refunded,,,not_attempted,elevated,0,1,1487,web,control
pmt_98076dd973,2026-01-04T00:46:26Z,12100,usd,m_001,ecommerce,AU,APAC,card,discover,,succeeded,,,authorized,normal,0,0,1070,web,routing_v2
pmt_3aef91cc46,2026-03-16T09:05:59Z,6446,usd,m_001,ecommerce,GB,EU,card,mastercard,,failed,network_error,technical,declined,normal,0,0,2733,web,routing_v2
pmt_30f159e9f7,2026-02-21T05:14:06Z,43468,usd,m_001,ecommerce,BR,LATAM,ach,,,succeeded,,,authorized,normal,0,0,2722,web,routing_v2
pmt_08523f7279,2026-01-05T16:57:10Z,40803,usd,m_003,fintech,BR,LATAM,card,mastercard,,succeeded,,,authorized,normal,0,0,2805,mobile,control
pmt_cd9339c5f9,2026-01-05T04:25:14Z,15012,usd,m_005,fintech,AU,APAC,rtp,,,succeeded,,,authorized,normal,0,0,2251,web,auth_opt_v1
pmt_95cce94fc2,2026-01-16T09:26:08Z,9616,usd,m_005,marketplace,BR,LATAM,rtp,,,refunded,,,not_attempted,normal,0,1,954,mobile,auth_opt_v1
pmt_c84ad82690,2026-02-09T12:15:05Z,27306,usd,m_004,marketplace,SG,APAC,ach,,,failed,network_error,technical,declined,elevated,0,0,1997,web,auth_opt_v1
pmt_a474f88a6e,2026-01-19T17:12:53Z,16161,usd,m_004,marketplace,BR,LATAM,card,visa,,succeeded,,,authorized,elevated,0,0,2394,api,control
pmt_c5950051e1,2026-02-26T14:49:43Z,16191,usd,m_005,marketplace,AU,APAC,rtp,,,pending,,,not_attempted,normal,0,0,2624,api,routing_v2
pmt_f981d2b224,2026-02-07T10:52:41Z,22945,usd,m_003,saas,AU,APAC,card,discover,,refunded,,,not_attempted,normal,0,1,554,mobile,control
pmt_4de61903b5,2026-02-13T14:19:09Z,32159,usd,m_005,gaming,US,NA,card,amex,,succeeded,,,authorized,normal,0,0,414,web,control
pmt_49902ef136,2026-02-06T23:42:43Z,4110,usd,m_001,marketplace,AU,APAC,wallet,,google_pay,pending,,,not_attempted,normal,0,0,795,web,auth_opt_v1
pmt_110dc8642f,2026-02-20T12:44:37Z,43903,usd,m_003,saas,IN,APAC,card,discover,,succeeded,,,authorized,normal,0,0,1531,api,routing_v2
pmt_718034562e,2026-01-12T01:38:39Z,45597,usd,m_005,ecommerce,GB,EU,ach,,,succeeded,,,authorized,normal,0,0,442,api,routing_v2
pmt_7a539ab7a9,2026-02-23T13:45:48Z,45565,usd,m_005,gaming,CA,NA,card,amex,,failed,do_not_honor,bank_decline,declined,normal,0,0,2347,web,control
pmt_7221866d4c,2026-01-05T02:21:52Z,35755,usd,m_001,marketplace,SG,APAC,card,visa,,succeeded,,,authorized,normal,0,0,1225,api,routing_v2
pmt_27641c7138,2026-01-21T04:22:54Z,8396,usd,m_001,fintech,IN,APAC,card,discover,,refunded,,,not_attempted,highest,0,1,1779,api,control
pmt_651de97284,2026-02-15T12:58:17Z,41691,usd,m_004,fintech,GB,EU,card,discover,,refunded,,,not_attempted,elevated,0,1,2697,api,control
pmt_c01f894db7,2026-02-23T04:01:36Z,1310,usd,m_003,ecommerce,AU,APAC,card,mastercard,,succeeded,,,authorized,normal,0,0,2984,api,control
pmt_8601baee67,2026-03-05T02:34:25Z,12368,usd,m_002,ecommerce,CA,NA,wallet,,google_pay,succeeded,,,authorized,elevated,0,0,2095,mobile,routing_v2
pmt_63c999cf75,2026-02-09T02:40:15Z,49818,usd,m_001,ecommerce,US,NA,card,amex,,pending,,,not_attempted,normal,0,0,549,web,control
pmt_0538d6c7ba,2026-03-02T07:06:43Z,31347,usd,m_002,gaming,AU,APAC,wallet,,apple_pay,succeeded,,,authorized,normal,0,0,2825,api,auth_opt_v1
pmt_c926af0324,2026-02-15T08:47:03Z,10159,usd,m_002,gaming,DE,EU,card,mastercard,,succeeded,,,authorized,highest,0,0,225,mobile,control
pmt_e6171c03ff,2026-01-01T22:01:40Z,12377,usd,m_003,gaming,GB,EU,wallet,,google_pay,pending,,,not_attempted,elevated,0,0,971,api,control
pmt_3119f074d9,2026-02-20T22:53:24Z,14910,usd,m_001,ecommerce,GB,EU,card,discover,,failed,network_error,technical,declined,normal,0,0,1032,web,routing_v2
pmt_bfa004e200,2026-01-08T01:05:00Z,19302,usd,m_002,gaming,SG,APAC,card,visa,,succeeded,,,authorized,normal,0,0,547,mobile,routing_v2
pmt_31641bd4c4,2026-03-11T14:16:01Z,37936,usd,m_002,fintech,DE,EU,rtp,,,succeeded,,,authorized,normal,0,0,2597,api,routing_v2
pmt_7acff0ae83,2026-01-07T10:44:03Z,9795,usd,m_004,marketplace,SG,APAC,card,mastercard,,succeeded,,,authorized,normal,1,0,1517,api,auth_opt_v1
pmt_ae2a0fff7b,2026-01-30T20:13:41Z,19696,usd,m_002,fintech,DE,EU,ach,,,succeeded,,,authorized,normal,0,0,2404,api,auth_opt_v1
pmt_114f8bd28f,2026-02-11T23:28:30Z,14115,usd,m_002,marketplace,BR,LATAM,rtp,,,succeeded,,,authorized,elevated,0,0,2776,api,control
pmt_2409cd0f84,2026-02-23T00:28:51Z,43057,usd,m_004,ecommerce,IN,APAC,card,visa,,succeeded,,,authorized,normal,0,0,629,api,routing_v2
pmt_066d82e2c1,2026-02-28T22:03:49Z,42071,usd,m_001,gaming,IN,APAC,wallet,,apple_pay,succeeded,,,authorized,normal,0,0,200,mobile,auth_opt_v1
pmt_5203b05cf0,2026-02-09T03:40:49Z,24731,usd,m_003,fintech,DE,EU,ach,,,pending,,,not_attempted,normal,0,0,2786,api,auth_opt_v1
pmt_2197089a36,2026-01-02T06:25:24Z,32622,usd,m_002,fintech,BR,LATAM,card,mastercard,,refunded,,,not_attempted,elevated,0,1,363,api,routing_v2
pmt_ea3e0a20ad,2026-02-28T12:58:08Z,27391,usd,m_004,saas,GB,EU,ach,,,succeeded,,,authorized,normal,0,0,2981,api,routing_v2
pmt_4895f9507e,2026-03-15T04:57:11Z,32106,usd,m_004,gaming,IN,APAC,ach,,,succeeded,,,authorized,elevated,0,0,462,api,routing_v2
pmt_d2ce57616c,2026-01-25T12:11:32Z,26645,usd,m_005,ecommerce,GB,EU,ach,,,succeeded,,,authorized,elevated,0,0,2393,mobile,auth_opt_v1
pmt_97269c537b,2026-02-25T19:07:10Z,2078,usd,m_005,saas,GB,EU,ach,,,succeeded,,,authorized,normal,0,0,1787,api,control
pmt_9e7663ae3f,2026-01-17T12:33:05Z,23445,usd,m_002,gaming,US,NA,card,visa,,succeeded,,,authorized,normal,0,0,715,mobile,auth_opt_v1
pmt_d1e916e885,2026-02-18T00:43:42Z,28125,usd,m_004,fintech,GB,EU,card,mastercard,,succeeded,,,authorized,normal,0,0,1384,web,control
pmt_9535908905,2026-01-18T14:26:59Z,9282,usd,m_004,ecommerce,US,NA,ach,,,succeeded,,,authorized,elevated,0,0,2804,mobile,routing_v2
pmt_ad95d93741,2026-03-11T10:58:51Z,34830,usd,m_002,fintech,CA,NA,rtp,,,refunded,,,not_attempted,normal,0,1,266,mobile,auth_opt_v1
pmt_3407b28823,2026-03-08T03:42:20Z,14259,usd,m_003,ecommerce,CA,NA,card,mastercard,,refunded,,,not_attempted,normal,0,1,2524,api,control
pmt_72a5d1870d,2026-01-27T22:09:08Z,23344,usd,m_003,ecommerce,GB,EU,card,mastercard,,succeeded,,,authorized,elevated,0,0,2365,api,control
pmt_8aba949f6c,2026-02-09T10:27:37Z,30140,usd,m_002,gaming,AU,APAC,card,mastercard,,succeeded,,,authorized,elevated,0,0,2206,mobile,routing_v2
pmt_276cead159,2026-03-11T22:11:56Z,1458,usd,m_001,gaming,GB,EU,card,mastercard,,succeeded,,,authorized,normal,0,0,1384,api,control
pmt_f2930a79e0,2026-03-15T13:00:32Z,47044,usd,m_002,ecommerce,US,NA,rtp,,,succeeded,,,authorized,normal,0,0,2753,mobile,control
pmt_8ba85996d3,2026-03-08T19:37:44Z,18433,usd,m_002,ecommerce,IN,APAC,card,amex,,failed,expired_card,customer,declined,highest,0,0,1456,mobile,routing_v2
pmt_26b1c3b11b,2026-01-04T08:05:38Z,24521,usd,m_004,fintech,CA,NA,ach,,,succeeded,,,authorized,normal,0,0,348,mobile,auth_opt_v1
pmt_dd545c1a50,2026-03-16T14:33:10Z,29664,usd,m_003,marketplace,SG,APAC,ach,,,pending,,,not_attempted,highest,0,0,2002,web,control
pmt_b71c51f427,2026-02-28T23:41:14Z,23008,usd,m_002,ecommerce,US,NA,card,mastercard,,refunded,,,not_attempted,elevated,0,1,1347,mobile,control
pmt_1fa48e3e77,2026-02-14T21:17:37Z,40925,usd,m_002,marketplace,AU,APAC,ach,,,pending,,,not_attempted,normal,0,0,1460,web,control
pmt_6849c27d57,2026-02-07T03:29:11Z,15875,usd,m_004,ecommerce,DE,EU,ach,,,succeeded,,,authorized,normal,0,0,1225,web,control
pmt_78327c83da,2026-02-21T10:04:01Z,17284,usd,m_003,saas,US,NA,rtp,,,refunded,,,not_attempted,normal,0,1,1700,mobile,control
pmt_69463fa580,2026-01-18T12:45:14Z,45440,usd,m_005,saas,DE,EU,card,amex,,pending,,,not_attempted,normal,0,0,1371,mobile,routing_v2
pmt_3b774c5b1b,2026-02-11T20:27:35Z,42253,usd,m_001,marketplace,BR,LATAM,card,mastercard,,succeeded,,,authorized,normal,0,0,1612,mobile,auth_opt_v1
pmt_3e7082d6ba,2026-01-26T14:08:54Z,6489,usd,m_001,fintech,CA,NA,card,mastercard,,succeeded,,,authorized,elevated,0,0,2145,mobile,auth_opt_v1
pmt_c6319adb92,2026-01-17T08:22:54Z,28618,usd,m_002,fintech,BR,LATAM,ach,,,succeeded,,,authorized,normal,0,0,1362,api,control
pmt_70ecc8149a,2026-02-01T12:12:08Z,21076,usd,m_003,ecommerce,BR,LATAM,rtp,,,pending,,,not_attempted,highest,0,0,1543,mobile,auth_opt_v1
pmt_3e9bd2ca92,2026-02-24T08:28:41Z,8374,usd,m_005,marketplace,AU,APAC,card,amex,,succeeded,,,authorized,normal,0,0,818,mobile,auth_opt_v1
pmt_bd301a4408,2026-01-09T20:49:59Z,37906,usd,m_004,fintech,AU,APAC,card,discover,,pending,,,not_attempted,highest,0,0,1402,api,control
pmt_b1cdeb66e0,2026-02-26T06:50:08Z,10882,usd,m_004,ecommerce,CA,NA,card,visa,,succeeded,,,authorized,normal,0,0,730,mobile,control
pmt_cb4961ead8,2026-03-08T19:22:18Z,21639,usd,m_002,saas,GB,EU,card,amex,,succeeded,,,authorized,elevated,1,0,1095,api,control
pmt_3a1d19602a,2026-01-11T07:23:53Z,13255,usd,m_004,gaming,US,NA,wallet,,google_pay,failed,fraud_detected,fraud,declined,highest,0,0,251,web,routing_v2
pmt_82f3fea117,2026-02-12T22:39:33Z,24685,usd,m_001,fintech,CA,NA,rtp,,,succeeded,,,authorized,normal,0,0,1244,mobile,control
pmt_cfb86e3af0,2026-01-11T08:02:04Z,49173,usd,m_001,ecommerce,AU,APAC,card,mastercard,,succeeded,,,authorized,normal,0,0,2712,web,control
pmt_43c17f3a3f,2026-01-16T22:03:23Z,18797,usd,m_005,ecommerce,US,NA,card,amex,,refunded,,,not_attempted,normal,0,1,2674,mobile,control
pmt_0166ca0274,2026-01-27T08:06:40Z,20508,usd,m_005,gaming,SG,APAC,rtp,,,succeeded,,,authorized,elevated,0,0,1481,web,auth_opt_v1
pmt_252e3a66b4,2026-02-15T11:07:06Z,6042,usd,m_005,ecommerce,CA,NA,ach,,,succeeded,,,authorized,highest,0,0,2817,mobile,control
pmt_d82e4775fc,2026-02-04T04:27:15Z,25932,usd,m_003,ecommerce,DE,EU,card,mastercard,,refunded,,,not_attempted,highest,0,1,822,web,control
pmt_035e960edb,2026-01-12T23:43:26Z,35929,usd,m_003,saas,DE,EU,card,discover,,failed,fraud_detected,fraud,declined,elevated,0,0,1253,api,control
pmt_46208f5efd,2026-03-16T19:18:53Z,26754,usd,m_002,gaming,US,NA,wallet,,apple_pay,succeeded,,,authorized,elevated,0,0,2498,web,auth_opt_v1
pmt_8e01f3cd5d,2026-03-12T03:59:19Z,49342,usd,m_005,fintech,US,NA,card,amex,,succeeded,,,authorized,elevated,0,0,1400,mobile,auth_opt_v1
pmt_3c3242ce7b,2026-01-29T17:04:19Z,35013,usd,m_004,marketplace,CA,NA,rtp,,,succeeded,,,authorized,highest,0,0,1623,api,auth_opt_v1
pmt_cbb9e90b88,2026-03-10T18:26:58Z,23140,usd,m_003,gaming,IN,APAC,card,discover,,succeeded,,,authorized,normal,0,0,1679,web,auth_opt_v1
pmt_344b02b4a5,2026-01-27T18:22:53Z,28661,usd,m_005,marketplace,US,NA,card,amex,,succeeded,,,authorized,normal,0,0,2004,web,routing_v2
pmt_20d3399caf,2026-03-06T07:39:20Z,24991,usd,m_005,fintech,BR,LATAM,card,discover,,succeeded,,,authorized,normal,0,0,2119,mobile,auth_opt_v1
pmt_72975544d5,2026-01-06T02:50:14Z,27047,usd,m_003,saas,US,NA,wallet,,google_pay,succeeded,,,authorized,highest,0,0,1154,api,auth_opt_v1
pmt_71c9d06131,2026-03-10T22:56:32Z,21785,usd,m_001,saas,SG,APAC,wallet,,google_pay,refunded,,,not_attempted,elevated,0,1,1291,web,control
pmt_53bc9168ca,2026-02-10T05:34:22Z,20501,usd,m_004,saas,BR,LATAM,rtp,,,succeeded,,,authorized,highest,0,0,462,api,control
pmt_88b4afd877,2026-03-12T19:21:50Z,9930,usd,m_004,gaming,DE,EU,card,amex,,refunded,,,not_attempted,normal,0,1,415,web,control
pmt_38bee45d00,2026-01-01T11:31:44Z,39791,usd,m_004,ecommerce,BR,LATAM,card,mastercard,,failed,do_not_honor,bank_decline,declined,normal,0,0,622,web,routing_v2
pmt_7fe9ffef77,2026-02-06T06:51:38Z,18542,usd,m_002,fintech,US,NA,wallet,,google_pay,refunded,,,not_attempted,elevated,0,1,1476,web,auth_opt_v1
pmt_0df09f7708,2026-03-10T19:42:23Z,31186,usd,m_003,gaming,DE,EU,card,mastercard,,succeeded,,,authorized,elevated,0,0,653,web,auth_opt_v1
pmt_beed83997a,2026-02-05T00:03:16Z,28883,usd,m_005,saas,AU,APAC,ach,,,pending,,,not_attempted,elevated,0,0,1854,web,routing_v2
pmt_95b1049e84,2026-02-27T00:51:50Z,16658,usd,m_001,saas,BR,LATAM,card,discover,,pending,,,not_attempted,elevated,0,0,2691,mobile,auth_opt_v1
pmt_ebf0577313,2026-01-10T04:03:05Z,3677,usd,m_004,ecommerce,DE,EU,card,discover,,refunded,,,not_attempted,highest,0,1,1460,api,routing_v2
pmt_c24ea08f90,2026-01-25T20:12:36Z,46626,usd,m_004,marketplace,BR,LATAM,rtp,,,succeeded,,,authorized,normal,0,0,455,web,routing_v2
pmt_91549dbdb9,2026-02-03T11:51:12Z,2738,usd,m_002,ecommerce,DE,EU,card,amex,,succeeded,,,authorized,normal,0,0,1410,web,routing_v2
pmt_c1e64309f5,2026-03-16T01:53:11Z,18899,usd,m_001,ecommerce,AU,APAC,wallet,,google_pay,succeeded,,,authorized,highest,0,0,1424,web,auth_opt_v1
pmt_59bcb32261,2026-02-27T22:00:26Z,26986,usd,m_004,ecommerce,BR,LATAM,ach,,,succeeded,,,authorized,highest,0,0,2128,mobile,routing_v2
pmt_778000bc47,2026-02-27T02:53:58Z,11825,usd,m_002,gaming,GB,EU,card,visa,,failed,insufficient_funds,bank_decline,declined,normal,0,0,2927,api,routing_v2
pmt_3a68cf1aa1,2026-01-18T04:13:29Z,48552,usd,m_001,gaming,AU,APAC,ach,,,succeeded,,,authorized,normal,0,0,552,mobile,control
pmt_e3c6267d88,2026-02-18T06:34:27Z,43406,usd,m_002,ecommerce,US,NA,card,mastercard,,succeeded,,,authorized,normal,0,0,565,web,control
pmt_5c5ce49f28,2026-02-24T10:58:02Z,44903,usd,m_002,saas,AU,APAC,card,discover,,succeeded,,,authorized,normal,0,0,616,web,control
pmt_d7e46c3a8d,2026-03-16T10:56:58Z,36576,usd,m_004,fintech,DE,EU,card,amex,,succeeded,,,authorized,normal,0,0,2170,web,control
pmt_9e54778ee8,2026-03-01T04:36:22Z,39023,usd,m_004,marketplace,IN,APAC,card,mastercard,,succeeded,,,authorized,normal,0,0,482,api,control
pmt_b51659a41a,2026-01-11T07:58:53Z,34247,usd,m_001,marketplace,IN,APAC,card,amex,,failed,do_not_honor,bank_decline,declined,highest,0,0,2516,web,control
pmt_7e7f40f20f,2026-01-19T02:20:15Z,26187,usd,m_003,ecommerce,IN,APAC,card,visa,,succeeded,,,authorized,normal,0,0,2411,api,control
pmt_1988d9f666,2026-02-03T22:26:56Z,14266,usd,m_001,gaming,CA,NA,ach,,,succeeded,,,authorized,elevated,0,0,1785,web,routing_v2
pmt_89e3bb8770,2026-01-02T12:22:09Z,12550,usd,m_001,marketplace,US,NA,card,amex,,refunded,,,not_attempted,normal,0,1,689,web,auth_opt_v1
pmt_863a2f71ba,2026-02-18T00:53:51Z,18014,usd,m_002,gaming,BR,LATAM,card,amex,,succeeded,,,authorized,normal,0,0,725,api,control
pmt_7919795008,2026-03-15T21:51:37Z,7733,usd,m_004,saas,BR,LATAM,card,mastercard,,refunded,,,not_attempted,normal,0,1,662,mobile,auth_opt_v1
pmt_2832de2fa7,2026-02-07T02:43:49Z,17012,usd,m_001,gaming,US,NA,wallet,,google_pay,succeeded,,,authorized,normal,0,0,1308,mobile,control
pmt_3435bdab08,2026-03-09T22:40:28Z,6390,usd,m_001,ecommerce,DE,EU,ach,,,succeeded,,,authorized,elevated,0,0,1693,web,routing_v2
pmt_c5e87211a5,2026-02-28T05:12:23Z,6569,usd,m_001,marketplace,AU,APAC,card,mastercard,,refunded,,,not_attempted,elevated,0,1,1466,api,control
pmt_d522a48902,2026-01-07T23:49:09Z,30325,usd,m_001,gaming,SG,APAC,ach,,,succeeded,,,authorized,normal,0,0,2469,web,routing_v2
pmt_b8c45d22e2,2026-02-08T17:43:12Z,3886,usd,m_001,ecommerce,US,NA,card,mastercard,,succeeded,,,authorized,highest,0,0,2721,api,auth_opt_v1
pmt_b1c3c7554d,2026-02-10T19:41:47Z,49600,usd,m_001,ecommerce,IN,APAC,card,mastercard,,pending,,,not_attempted,normal,0,0,2558,mobile,control
pmt_7c1099e5ca,2026-03-16T02:03:16Z,23507,usd,m_005,ecommerce,GB,EU,rtp,,,pending,,,not_attempted,normal,0,0,2419,mobile,control
pmt_6d7fb693c7,2026-03-01T16:15:55Z,34374,usd,m_003,marketplace,BR,LATAM,wallet,,google_pay,pending,,,not_attempted,normal,0,0,2561,api,routing_v2
pmt_9e03b874e7,2026-01-06T15:54:18Z,14139,usd,m_004,fintech,US,NA,card,visa,,succeeded,,,authorized,highest,0,0,301,web,control
pmt_f307bd5add,2026-03-02T14:57:17Z,10297,usd,m_002,fintech,IN,APAC,wallet,,google_pay,succeeded,,,authorized,normal,0,0,1083,api,routing_v2
pmt_216f63ab2b,2026-01-25T23:18:39Z,35405,usd,m_003,ecommerce,BR,LATAM,card,amex,,succeeded,,,authorized,highest,0,0,1270,api,routing_v2
pmt_b401821cbe,2026-01-20T06:03:15Z,13933,usd,m_005,saas,CA,NA,card,visa,,succeeded,,,authorized,normal,0,0,1760,api,control
pmt_3e58ab22d3,2026-01-15T20:55:38Z,34844,usd,m_003,ecommerce,DE,EU,rtp,,,refunded,,,not_attempted,normal,0,1,2685,web,control
pmt_c09cf54c36,2026-01-07T14:29:03Z,14431,usd,m_004,marketplace,BR,LATAM,card,amex,,refunded,,,not_attempted,normal,0,1,755,api,control
pmt_341def7b2b,2026-02-04T02:12:11Z,31209,usd,m_003,saas,CA,NA,wallet,,google_pay,refunded,,,not_attempted,normal,0,1,2674,api,control
pmt_6c223dfb30,2026-01-08T01:25:38Z,6620,usd,m_002,marketplace,CA,NA,card,amex,,succeeded,,,authorized,highest,0,0,2216,mobile,control
pmt_4240ebec0f,2026-01-10T03:17:40Z,48706,usd,m_001,gaming,IN,APAC,rtp,,,pending,,,not_attempted,elevated,0,0,2807,web,control
pmt_1051124352,2026-01-17T15:51:19Z,35206,usd,m_002,gaming,BR,LATAM,card,discover,,succeeded,,,authorized,normal,0,0,1259,mobile,auth_opt_v1
pmt_2357b362b4,2026-03-04T17:40:30Z,19392,usd,m_002,fintech,SG,APAC,card,mastercard,,succeeded,,,authorized,normal,0,0,1651,api,auth_opt_v1
pmt_2b747ab481,2026-01-23T21:11:42Z,37512,usd,m_001,gaming,AU,APAC,ach,,,succeeded,,,authorized,normal,0,0,627,api,control
pmt_7cb67c2297,2026-02-13T08:46:12Z,32377,usd,m_003,saas,DE,EU,card,mastercard,,refunded,,,not_attempted,normal,0,1,475,api,control
pmt_846eff9048,2026-01-06T04:16:07Z,48845,usd,m_005,gaming,BR,LATAM,card,mastercard,,succeeded,,,authorized,normal,0,0,1401,mobile,control
pmt_30ef76b565,2026-01-13T04:03:45Z,41824,usd,m_004,fintech,BR,LATAM,wallet,,google_pay,succeeded,,,authorized,elevated,0,0,1081,api,control
pmt_3a99676273,2026-01-31T15:34:28Z,6312,usd,m_004,fintech,US,NA,wallet,,google_pay,refunded,,,not_attempted,normal,0,1,2957,api,control
pmt_68a3acddba,2026-01-08T19:57:52Z,18435,usd,m_005,marketplace,CA,NA,card,mastercard,,succeeded,,,authorized,normal,0,0,1494,api,auth_opt_v1
pmt_f5a2a496dc,2026-02-14T22:26:11Z,4366,usd,m_001,saas,SG,APAC,card,discover,,succeeded,,,authorized,normal,0,0,450,mobile,auth_opt_v1
pmt_3dd5e4086f,2026-03-16T08:57:50Z,35059,usd,m_001,fintech,GB,EU,card,amex,,pending,,,not_attempted,normal,0,0,633,mobile,control
pmt_33d1cff71c,2026-03-10T15:54:45Z,7956,usd,m_001,marketplace,IN,APAC,card,visa,,succeeded,,,authorized,normal,0,0,1935,mobile,auth_opt_v1
pmt_5f68dd091e,2026-03-05T19:15:10Z,26041,usd,m_002,saas,AU,APAC,ach,,,failed,expired_card,customer,declined,normal,0,0,1115,web,control
pmt_2ed25f13b5,2026-03-05T05:37:36Z,26793,usd,m_001,saas,CA,NA,card,visa,,failed,insufficient_funds,bank_decline,declined,normal,0,0,2312,api,auth_opt_v1
pmt_abe490782c,2026-01-07T00:38:52Z,9149,usd,m_001,gaming,GB,EU,card,mastercard,,refunded,,,not_attempted,normal,0,1,729,mobile,control
pmt_57c0432f09,2026-02-19T11:20:26Z,8725,usd,m_005,gaming,BR,LATAM,ach,,,refunded,,,not_attempted,elevated,0,1,1292,mobile,control
pmt_674a1feae6,2026-02-17T11:09:04Z,20315,usd,m_002,ecommerce,IN,APAC,wallet,,apple_pay,succeeded,,,authorized,normal,0,0,2696,mobile,control
pmt_6b85657478,2026-02-25T14:13:31Z,6858,usd,m_002,saas,US,NA,wallet,,google_pay,succeeded,,,authorized,elevated,0,0,1683,api,control
pmt_500b1af840,2026-01-18T22:08:21Z,20015,usd,m_003,saas,US,NA,card,amex,,succeeded,,,authorized,highest,0,0,1588,web,control
pmt_bd62d32199,2026-03-13T21:50:33Z,47094,usd,m_004,ecommerce,DE,EU,card,amex,,succeeded,,,authorized,normal,0,0,1840,web,control
pmt_8881ccb1c2,2026-02-03T08:27:14Z,42294,usd,m_003,fintech,US,NA,rtp,,,failed,insufficient_funds,bank_decline,declined,normal,0,0,2309,api,auth_opt_v1
pmt_94a4bcdbca,2026-02-03T09:05:02Z,9440,usd,m_002,ecommerce,BR,LATAM,card,visa,,succeeded,,,authorized,normal,0,0,1961,api,routing_v2
pmt_f17a14bbae,2026-02-19T22:28:42Z,49956,usd,m_001,marketplace,GB,EU,card,amex,,succeeded,,,authorized,highest,0,0,527,web,routing_v2
pmt_b38f8d2a4a,2026-02-01T14:29:35Z,6324,usd,m_002,saas,SG,APAC,card,visa,,failed,expired_card,customer,declined,elevated,0,0,609,mobile,control
pmt_23ddbe221c,2026-02-01T08:28:47Z,38592,usd,m_005,marketplace,BR,LATAM,ach,,,succeeded,,,authorized,highest,0,0,296,api,control
pmt_3676ac62e5,2026-01-13T00:59:16Z,8335,usd,m_005,gaming,GB,EU,rtp,,,succeeded,,,authorized,normal,0,0,1617,web,auth_opt_v1
pmt_1a503f1625,2026-01-27T15:17:05Z,9191,usd,m_003,gaming,GB,EU,card,amex,,pending,,,not_attempted,normal,0,0,2850,mobile,auth_opt_v1
pmt_14b6988868,2026-01-31T15:13:47Z,48344,usd,m_001,ecommerce,CA,NA,wallet,,google_pay,succeeded,,,authorized,normal,0,0,1016,api,control
pmt_7586111fcf,2026-01-21T11:08:39Z,16730,usd,m_002,fintech,IN,APAC,card,amex,,failed,do_not_honor,bank_decline,declined,elevated,0,0,1060,web,routing_v2
pmt_fd806d8b8f,2026-02-04T14:46:31Z,27311,usd,m_003,saas,DE,EU,ach,,,succeeded,,,authorized,highest,0,0,2243,api,auth_opt_v1
pmt_b79b300a6a,2026-02-24T06:07:59Z,17175,usd,m_005,gaming,AU,APAC,card,discover,,succeeded,,,authorized,elevated,0,0,2338,api,routing_v2
pmt_9369af36e1,2026-01-15T13:09:37Z,31916,usd,m_001,saas,GB,EU,ach,,,succeeded,,,authorized,highest,0,0,2130,mobile,control
pmt_5ee36558d3,2026-02-04T20:31:39Z,3807,usd,m_003,saas,GB,EU,card,mastercard,,pending,,,not_attempted,normal,0,0,930,web,auth_opt_v1
pmt_1222f28193,2026-01-21T05:01:03Z,47687,usd,m_002,fintech,BR,LATAM,card,visa,,refunded,,,not_attempted,normal,0,1,2983,web,control
pmt_b41746b5c8,2026-01-29T10:53:47Z,9498,usd,m_005,gaming,DE,EU,rtp,,,succeeded,,,authorized,elevated,0,0,1011,api,auth_opt_v1
pmt_2f318d37bf,2026-02-26T00:20:38Z,19687,usd,m_004,marketplace,DE,EU,rtp,,,pending,,,not_attempted,normal,0,0,487,mobile,control
pmt_d8af0808bd,2026-03-08T16:14:20Z,27789,usd,m_004,ecommerce,SG,APAC,ach,,,pending,,,not_attempted,highest,0,0,2931,web,auth_opt_v1
pmt_008397daa5,2026-02-26T12:46:03Z,2523,usd,m_005,saas,US,NA,ach,,,pending,,,not_attempted,elevated,0,0,2969,api,control
pmt_b6207ebc78,2026-01-01T12:16:25Z,45976,usd,m_003,fintech,BR,LATAM,rtp,,,refunded,,,not_attempted,highest,0,1,1048,web,control
pmt_7203a9fb1d,2026-01-28T11:03:26Z,17263,usd,m_004,gaming,GB,EU,card,discover,,succeeded,,,authorized,highest,0,0,1493,api,control
pmt_0f83794c55,2026-01-10T03:04:25Z,49835,usd,m_005,marketplace,CA,NA,card,amex,,succeeded,,,authorized,normal,0,0,2385,web,auth_opt_v1
pmt_f9694158c6,2026-03-16T15:08:24Z,2754,usd,m_005,fintech,BR,LATAM,card,visa,,succeeded,,,authorized,elevated,0,0,1795,web,control
pmt_2a285bf1d2,2026-01-05T08:31:28Z,23118,usd,m_005,marketplace,US,NA,card,mastercard,,refunded,,,not_attempted,highest,0,1,394,web,routing_v2
pmt_599ed4781b,2026-01-12T12:35:05Z,13895,usd,m_002,saas,AU,APAC,wallet,,google_pay,succeeded,,,authorized,normal,0,0,2841,web,control
pmt_9e895a9d12,2026-03-13T12:16:38Z,44529,usd,m_005,saas,BR,LATAM,card,amex,,failed,network_error,technical,declined,normal,0,0,2487,mobile,control
pmt_5ccd70ed28,2026-03-07T14:18:22Z,7987,usd,m_001,marketplace,US,NA,card,amex,,succeeded,,,authorized,elevated,0,0,1914,web,control
pmt_4a61c236e5,2026-02-17T08:17:40Z,37974,usd,m_005,ecommerce,AU,APAC,rtp,,,pending,,,not_attempted,normal,0,0,1367,api,control
pmt_d0df81a7fd,2026-02-08T13:22:11Z,5228,usd,m_002,ecommerce,CA,NA,rtp,,,pending,,,not_attempted,normal,0,0,874,api,routing_v2
pmt_09cddff97a,2026-01-23T06:35:35Z,40422,usd,m_004,fintech,CA,NA,wallet,,apple_pay,pending,,,not_attempted,normal,0,0,2699,api,control
pmt_4aba37af18,2026-02-03T18:02:02Z,26967,usd,m_001,fintech,BR,LATAM,card,visa,,succeeded,,,authorized,highest,0,0,651,api,control
pmt_277ef7fd24,2026-02-16T10:49:52Z,29319,usd,m_001,saas,IN,APAC,ach,,,failed,do_not_honor,bank_decline,declined,normal,0,0,1074,web,control
pmt_7a03e26491,2026-02-18T11:31:54Z,47903,usd,m_002,ecommerce,SG,APAC,ach,,,succeeded,,,authorized,normal,0,0,849,web,routing_v2
pmt_e8d21d6392,2026-01-19T17:42:16Z,8245,usd,m_001,ecommerce,DE,EU,card,visa,,succeeded,,,authorized,normal,0,0,2021,api,control
pmt_dcbba1666a,2026-03-02T13:24:58Z,30470,usd,m_001,ecommerce,IN,APAC,ach,,,succeeded,,,authorized,normal,0,0,1059,mobile,routing_v2
pmt_787e58d7d6,2026-01-24T21:31:36Z,35367,usd,m_005,saas,US,NA,wallet,,apple_pay,pending,,,not_attempted,normal,0,0,2147,web,auth_opt_v1
